Year,Var
2020,1.6111124
2025,1.6111124
2030,1.6111124
2035,1.6111124
2040,1.6111124
2045,1.6111124
2050,1.6111124