Year,CF Median
2020,1
2025,1.191011236
2030,1.384269663
2035,1.384269663
2040,1.384269663
2045,1.384269663
2050,1.384269663