Year,Var
2020,0.49444484
2025,0.49444484
2030,0.49444484
2035,0.49444484
2040,0.49444484
2045,0.49444484
2050,0.49444484